{"recipient":"+2735166499","messageID":"6862348885","messageHash":"68:1:HELPPLEASE","message":"help me with prog please"}
{"recipient":"+278983166","messageID":"1949041833","messageHash":"19:2:HOWYOU?","message":"how are you?"}
{"recipient":"+278983166","messageID":"1949041833","messageHash":"19:2:HOWYOU?","message":"how are you?"}
{"recipient":"+27821234567","messageID":"6642631317","messageHash":"66:1:TESTMESSAGE","message":"Test store message"}
{"recipient":"+27839406153","messageID":"5567185121","messageHash":"55:2:JUSTCHILLING","message":"just chilling"}
{"recipient":"+27839406153","messageID":"5567185121","messageHash":"55:2:JUSTCHILLING","message":"just chilling"}
{"recipient":"+27821234567","messageID":"0880619350","messageHash":"08:1:TESTMESSAGE","message":"Test store message"}
{"recipient":"+27735166499","messageID":"2690251397","messageHash":"26:1:LESEDILESEDI","message":"lesedi"}
{"recipient":"+27735166499","messageID":"2690251397","messageHash":"26:1:LESEDILESEDI","message":"lesedi"}
