[{"recipient":"+27735166499","messageID":"6485223911","messageHash":"64:1:IMBORED","message":"im bored"},{"recipient":"+27735166499","messageID":"4755541615","messageHash":"47:2:HEYHOME","message":"hey im coming home"}]{"recipient":"+27662610927","messageID":"4394039756","messageHash":"43:1:HI,PROG","message":"hi, i love prog"}
{"recipient":"+27662610927","messageID":"4394039756","messageHash":"43:1:HI,PROG","message":"hi, i love prog"}
{"recipient":"+27735166499","messageID":"2165712326","messageHash":"21:2:IMHOME","message":"im back home"}
{"recipient":"+27735166499","messageID":"2165712326","messageHash":"21:2:IMHOME","message":"im back home"}
