{"recipient":"+27662610927","messageID":"2074718287","messageHash":"20:1:PLEASECOLD","message":"please come home, it is cold"}
{"recipient":"+27662610927","messageID":"2074718287","messageHash":"20:1:PLEASECOLD","message":"please come home, it is cold"}
{"recipient":"+27662610927","messageID":"8506355440","messageHash":"85:2:HEYLATE","message":"hey please come home, it is late"}
{"recipient":"+27662610927","messageID":"8506355440","messageHash":"85:2:HEYLATE","message":"hey please come home, it is late"}
{"recipient":"+27839406153","messageID":"3649013188","messageHash":"36:2:IPROG","message":"i think im starting to like prog"}
{"recipient":"+27839406153","messageID":"3649013188","messageHash":"36:2:IPROG","message":"i think im starting to like prog"}
{"recipient":"+27735166499","messageID":"1103923689","messageHash":"11:1:HIHI","message":"hi"}
{"recipient":"+27735166499","messageID":"1103923689","messageHash":"11:1:HIHI","message":"hi"}
{"recipient":"+27735166499","messageID":"8032753539","messageHash":"80:2:ITCOLD","message":"it is cold"}
{"recipient":"+27735166499","messageID":"8032753539","messageHash":"80:2:ITCOLD","message":"it is cold"}
{"recipient":"+27735166499","messageID":"0216292135","messageHash":"02:2:HEY,PROG","message":"hey, i love prog"}
{"recipient":"+27735166499","messageID":"0216292135","messageHash":"02:2:HEY,PROG","message":"hey, i love prog"}
{"recipient":"+27735166499","messageID":"5711773553","messageHash":"57:2:IEATING","message":"i love eating"}
{"recipient":"+27735166499","messageID":"5711773553","messageHash":"57:2:IEATING","message":"i love eating"}
{"recipient":"+27839406153","messageID":"0684402566","messageHash":"06:2:HI,WORK?","message":"hi, are you still at work?"}
{"recipient":"+27839406153","messageID":"0684402566","messageHash":"06:2:HI,WORK?","message":"hi, are you still at work?"}
{"recipient":"+27735166499","messageID":"6125810570","messageHash":"61:1:HIHI","message":"hi"}
{"recipient":"+27735166499","messageID":"6125810570","messageHash":"61:1:HIHI","message":"hi"}
